Case_No,Patient_ID,E1_Hallucination,E1_N,E1_Description,E2_Hallucination,E2_N,E2_Description,R3_Decision,R3_Notes,Outcome
1,023C52FD-E228-400F-B146-371861A30837,1,1,Verified absent from source: Bowens disease,0,0,,1,MAINTAIN: items verified absent from source: Bowens disease,MAINTAIN — included in consensus
2,0503075B-DF14-4177-9898-F71485868BCE,1,1,Verified absent from source: fractures,0,0,,0,CONCEDE: all items traceable to source data,WITHDRAW — E1 retracted (grounded synthesis)
3,05D14461-C67C-4FE5-97E7-08E35CB0FC67,1,1,Verified absent from source: and others,0,0,,0,"CONCEDE: flagged items are vague narrative phrases, not specific diagnoses",WITHDRAW — E1 retracted (grounded synthesis)
4,06E10FD4-1BEA-45BC-929E-7839D6C805F5,1,1,Verified absent from source: Generalized Epilepsy,0,0,,0,CONCEDE: all items traceable to source data,WITHDRAW — E1 retracted (grounded synthesis)
5,0AFDD7B9-C16A-47C9-B788-2587B4B0396C,1,2,Verified absent from source: urinary tract infections; skin infections,0,0,,0,CONCEDE: all items traceable to source data,WITHDRAW — E1 retracted (grounded synthesis)
6,0D267F79-726C-409A-8ADC-ECF48F2B02A3,1,2,Verified absent from source: {condition: Eczema; status: Active},0,0,,0,"CONCEDE: flagged items are EDS structural/parsing artifacts, not diagnoses",WITHDRAW — E1 retracted (grounded synthesis)
7,15D5A814-8C76-4C35-A5C6-0925F5569D09,1,1,Verified absent from source: PCOS (Polycystic Ovary Syndrome),0,0,,1,MAINTAIN: items verified absent from source: PCOS (Polycystic Ovary Syndrome),MAINTAIN — included in consensus
8,16BCA675-3138-4C96-8F45-8EB16A941A03,1,4,Verified absent from source: {name: Viral URTI}; {name: UTI}; {name: Boil},0,0,,0,"CONCEDE: flagged items are EDS structural/parsing artifacts, not diagnoses",WITHDRAW — E1 retracted (grounded synthesis)
9,176CFCC0-CDEA-47A7-B493-7E0D881B129C,1,1,Verified absent from source: Workers compensation,0,0,,0,CONCEDE: all items traceable to source data,WITHDRAW — E1 retracted (grounded synthesis)
10,193023CA-4AE2-4C39-AA63-6B88759E97F4,1,1,Verified absent from source: PCOS (Polycystic Ovary Syndrome),0,0,,1,MAINTAIN: items verified absent from source: PCOS (Polycystic Ovary Syndrome),MAINTAIN — included in consensus
11,209BAB82-B60B-4E45-BEC2-7A4D410ED570,1,1,Verified absent from source: cervical screening,0,0,,0,CONCEDE: all items traceable to source data,WITHDRAW — E1 retracted (grounded synthesis)
12,2523757E-DF0B-42C0-A370-2FC1B1CEFDF3,1,9,Verified absent from source: {condition: Cholecystectomy; status: Inactive}; {condition: Appendicectomy,0,0,,0,"CONCEDE: flagged items are EDS structural/parsing artifacts, not diagnoses",WITHDRAW — E1 retracted (grounded synthesis)
13,252DDE0C-43F4-4695-A42F-C009AE2C82A4,1,3,Verified absent from source: and skin conditions; infected ulcers; and wound infections,0,0,,1,MAINTAIN: items verified absent from source: infected ulcers,MAINTAIN — included in consensus
14,261BF56C-807D-43D2-8607-3F3CD64C7B07,1,1,Verified absent from source: Gastritis/cholescystitis,0,0,,0,CONCEDE: all items traceable to source data,WITHDRAW — E1 retracted (grounded synthesis)
15,26C4A48E-3C4A-4EB7-A0F4-0D41403088C0,1,1,Verified absent from source: Peyronies disease,0,0,,1,MAINTAIN: items verified absent from source: Peyronies disease,MAINTAIN — included in consensus
16,2891A861-E8B1-4E6D-8777-90A8981E78A1,1,6,Verified absent from source: {condition: Obesity; status: Active}; status: Active},0,0,,0,"CONCEDE: flagged items are EDS structural/parsing artifacts, not diagnoses",WITHDRAW — E1 retracted (grounded synthesis)
17,2A6DC329-A8AD-4367-907B-DF01855D6E95,1,1,Verified absent from source: and others,0,0,,0,"CONCEDE: flagged items are vague narrative phrases, not specific diagnoses",WITHDRAW — E1 retracted (grounded synthesis)
18,2B44A14D-633C-4E49-8EF3-5411CCF6F59C,1,5,Verified absent from source: {condition: Hypertension; status: Active}; status: Active},0,0,,0,"CONCEDE: flagged items are EDS structural/parsing artifacts, not diagnoses",WITHDRAW — E1 retracted (grounded synthesis)
19,30074410-FDF0-45A7-A3AB-D448DC7BFC0B,1,2,Verified absent from source: and others; and others,0,0,,0,"CONCEDE: flagged items are vague narrative phrases, not specific diagnoses",WITHDRAW — E1 retracted (grounded synthesis)
20,37C4B312-A8C7-4689-8406-EB0B24CB7DC7,1,1,Verified absent from source: and skin conditions,0,0,,0,"CONCEDE: flagged items are vague narrative phrases, not specific diagnoses",WITHDRAW — E1 retracted (grounded synthesis)
21,3847050E-64AC-46D7-8EFA-10FF2F8CCF3D,1,1,Verified absent from source: and other conditions,0,0,,0,"CONCEDE: flagged items are vague narrative phrases, not specific diagnoses",WITHDRAW — E1 retracted (grounded synthesis)
22,3B3B58D7-B62E-448A-A25B-63BC8BDA962F,1,1,Verified absent from source: infected wound,0,0,,1,MAINTAIN: items verified absent from source: infected wound,MAINTAIN — included in consensus
23,3C422DAA-1A0B-4B45-9A31-D6E4B15D4EE0,1,1,Verified absent from source: reflux disease,0,0,,1,MAINTAIN: items verified absent from source: reflux disease,MAINTAIN — included in consensus
24,3CD9F1B4-8AD1-4771-9BF4-E36013B47283,1,2,Verified absent from source: urinary tract infections; and skin conditions,0,0,,1,MAINTAIN: items verified absent from source: urinary tract infections,MAINTAIN — included in consensus
25,3EDB09B6-FDD1-4306-B447-615610C6FFE4,1,1,Verified absent from source: and others,0,0,,0,"CONCEDE: flagged items are vague narrative phrases, not specific diagnoses",WITHDRAW — E1 retracted (grounded synthesis)
26,425C021A-3E82-40FA-98B0-97C7B7435138,1,2,Verified absent from source: and other conditions; Hyperthyroidism,0,0,,0,CONCEDE: all items traceable to source data,WITHDRAW — E1 retracted (grounded synthesis)
27,42AE2221-3FF0-4629-AAAA-26E7C141C473,1,1,Verified absent from source: and others,0,0,,0,"CONCEDE: flagged items are vague narrative phrases, not specific diagnoses",WITHDRAW — E1 retracted (grounded synthesis)
28,4AFF25AF-B447-43E1-B96A-9E89B8DA3D74,1,1,Verified absent from source: and other conditions,0,0,,0,"CONCEDE: flagged items are vague narrative phrases, not specific diagnoses",WITHDRAW — E1 retracted (grounded synthesis)
29,4D2915E6-247C-4113-A36D-01C714282B1E,1,1,Verified absent from source: and other symptoms,0,0,,0,"CONCEDE: flagged items are vague narrative phrases, not specific diagnoses",WITHDRAW — E1 retracted (grounded synthesis)
30,540CDFBF-3BA9-4D0B-9C3C-EA0AC9B63D50,1,2,Verified absent from source: viral infections; and other musculoskeletal conditions,0,0,,0,"CONCEDE: flagged items are vague narrative phrases, not specific diagnoses",WITHDRAW — E1 retracted (grounded synthesis)
31,5869696E-2B11-46B5-9F00-787180DF8CC8,1,1,Verified absent from source: Reason: ROS,0,0,,0,"CONCEDE: flagged items are EDS structural/parsing artifacts, not diagnoses",WITHDRAW — E1 retracted (grounded synthesis)
32,590D8D3E-45E0-42D9-8513-BDFB6E589CBA,1,3,Verified absent from source: infections; irritable bowel syndrome; and skin lesions,0,0,,1,MAINTAIN: items verified absent from source: irritable bowel syndrome,MAINTAIN — included in consensus
33,5F4A3773-3BB3-46E3-BA60-69D04B006D29,1,1,Verified absent from source: and others,0,0,,0,"CONCEDE: flagged items are vague narrative phrases, not specific diagnoses",WITHDRAW — E1 retracted (grounded synthesis)
34,5F9571CD-20D8-41A4-8662-209C3A3E082F,1,3,Verified absent from source: Mental health care coordination and substance abuse management; Smokers cough; HIV and hep B exposure risk,0,0,,1,MAINTAIN: items verified absent from source: HIV and hep B exposure risk,MAINTAIN — included in consensus
35,60650A6C-0D86-4C69-A85B-5D46F62EF8E6,1,1,Verified absent from source: and gastrointestinal issues,0,0,,0,"CONCEDE: flagged items are vague narrative phrases, not specific diagnoses",WITHDRAW — E1 retracted (grounded synthesis)
36,621EC95A-E0B1-4F2F-8EB6-DD257363EC2F,1,1,Verified absent from source: hypersensitive,0,0,,0,CONCEDE: all items traceable to source data,WITHDRAW — E1 retracted (grounded synthesis)
37,65EE33A3-CB6B-458C-B1A2-910BADE95E67,1,1,Verified absent from source: and others,0,0,,0,"CONCEDE: flagged items are vague narrative phrases, not specific diagnoses",WITHDRAW — E1 retracted (grounded synthesis)
38,6A2D4128-5C16-4C0E-B2C5-9A1B48137559,1,1,Verified absent from source: Skin lesions,0,0,,0,CONCEDE: all items traceable to source data,WITHDRAW — E1 retracted (grounded synthesis)
39,6B47C61B-3824-4F1F-8BC2-FC4B33171193,1,1,Verified absent from source: skin lesions,0,0,,0,CONCEDE: all items traceable to source data,WITHDRAW — E1 retracted (grounded synthesis)
40,6C1F2E17-3C75-476A-B06F-7A623409BCDD,1,1,Verified absent from source: Aspergers disorder,0,0,,0,CONCEDE: all items traceable to source data,WITHDRAW — E1 retracted (grounded synthesis)
41,6EDBAD5A-6472-4348-99CB-CDCA0D3079B0,1,2,Verified absent from source: infections; Hypertension with associated cardiovascular risks,0,0,,1,MAINTAIN: items verified absent from source: Hypertension with associated cardiovascular risks,MAINTAIN — included in consensus
42,72F464FC-83D7-4814-AE0F-E7EF3FBA91DE,1,3,Verified absent from source: wound care; viral illnesses; and musculoskeletal pain,0,0,,0,CONCEDE: all items traceable to source data,WITHDRAW — E1 retracted (grounded synthesis)
43,7ACACAE4-16F2-4F8B-BC37-14C45946C179,1,1,Verified absent from source: and other symptoms,0,0,,0,"CONCEDE: flagged items are vague narrative phrases, not specific diagnoses",WITHDRAW — E1 retracted (grounded synthesis)
44,7BA6FDAA-AD30-4E93-9CF4-63D16266D5FC,1,1,Verified absent from source: and other conditions,0,0,,0,"CONCEDE: flagged items are vague narrative phrases, not specific diagnoses",WITHDRAW — E1 retracted (grounded synthesis)
45,83BF21C3-73A6-4778-822B-0D315C373FFF,1,1,Verified absent from source: and viral illnesses,0,0,,0,"CONCEDE: flagged items are vague narrative phrases, not specific diagnoses",WITHDRAW — E1 retracted (grounded synthesis)
46,86A2E789-4566-47D1-8500-51A648971429,1,1,Verified absent from source: Left Sialadenitis,0,0,,0,CONCEDE: all items traceable to source data,WITHDRAW — E1 retracted (grounded synthesis)
47,8C5A58E7-8E64-4C35-A4D6-DCBAE97E1609,1,6,Verified absent from source: {diagnosis: Sinusitis; symptoms: }; symptoms: Gastroenteritis,0,0,,1,MAINTAIN: items verified absent from source: symptoms: },MAINTAIN — included in consensus
48,8E919389-E41F-4589-974D-7468B16DEDF6,1,1,Verified absent from source: and others,0,0,,0,"CONCEDE: flagged items are vague narrative phrases, not specific diagnoses",WITHDRAW — E1 retracted (grounded synthesis)
49,8FD9BF69-1DA8-492F-AFC5-C1E2BD5263E1,1,2,Verified absent from source: Workers compensation; and other conditions,0,0,,0,CONCEDE: all items traceable to source data,WITHDRAW — E1 retracted (grounded synthesis)
50,8FF91CB9-CDF2-4671-980C-4C2DCBA32AC9,1,1,Verified absent from source: Chronic pain,0,0,,1,MAINTAIN: items verified absent from source: Chronic pain,MAINTAIN — included in consensus
51,93337D44-9ACE-4F7E-BFAD-49DDCB817460,1,1,Verified absent from source: Anxiety,0,0,,1,MAINTAIN: items verified absent from source: Anxiety,MAINTAIN — included in consensus
52,962514A1-DB18-4714-A236-4947CF0AACF2,1,1,Verified absent from source: and others,0,0,,0,"CONCEDE: flagged items are vague narrative phrases, not specific diagnoses",WITHDRAW — E1 retracted (grounded synthesis)
53,98AB1873-0B12-47A4-B4C3-9EB11BEA2D28,1,4,Verified absent from source: {condition: Pregnancy; status: Active}; status: Inactive},0,0,,0,"CONCEDE: flagged items are EDS structural/parsing artifacts, not diagnoses",WITHDRAW — E1 retracted (grounded synthesis)
54,9F8C1B16-F689-4FAD-9A17-34CD24861F66,1,1,Verified absent from source: Graves Disease,0,0,,0,CONCEDE: all items traceable to source data,WITHDRAW — E1 retracted (grounded synthesis)
55,A2F2601C-62B3-4129-A83D-42291E5504C8,1,1,Verified absent from source: DIZZINESS,0,0,,0,CONCEDE: all items traceable to source data,WITHDRAW — E1 retracted (grounded synthesis)
56,A50ED013-C539-49BB-8AC7-462BE22F99EC,1,6,Verified absent from source: status: Active}; {condition: Urticaria; status: Active},0,0,,0,"CONCEDE: flagged items are EDS structural/parsing artifacts, not diagnoses",WITHDRAW — E1 retracted (grounded synthesis)
57,A7280CC5-A197-44E6-AA32-FDC32656C360,1,1,Verified absent from source: and other conditions,0,0,,0,"CONCEDE: flagged items are vague narrative phrases, not specific diagnoses",WITHDRAW — E1 retracted (grounded synthesis)
58,A8E09ED2-1D6E-408E-A4ED-C2D74302AF4C,1,2,Verified absent from source: prescription requests; and health assessments,0,0,,0,CONCEDE: all items traceable to source data,WITHDRAW — E1 retracted (grounded synthesis)
59,AA36328E-DF9D-407D-89FC-FD257FF616BF,1,1,Verified absent from source: INR monitoring,0,0,,1,MAINTAIN: items verified absent from source: INR monitoring,MAINTAIN — included in consensus
60,AB406EBD-ABC6-4657-8CB7-F4284D330149,1,5,Verified absent from source: status: Inactive}; {condition: Wart(s); status: Active},0,0,,0,"CONCEDE: flagged items are EDS structural/parsing artifacts, not diagnoses",WITHDRAW — E1 retracted (grounded synthesis)
61,AC64450F-F70E-4960-A2B5-F3C3C0E9947B,1,1,Verified absent from source: skin conditions,0,0,,0,"CONCEDE: flagged items are vague narrative phrases, not specific diagnoses",WITHDRAW — E1 retracted (grounded synthesis)
62,AFBB96DA-1278-4405-BDF2-386E363A0350,1,8,Verified absent from source: status: Active}; {condition: Vaccination; status: Active},0,0,,0,"CONCEDE: flagged items are EDS structural/parsing artifacts, not diagnoses",WITHDRAW — E1 retracted (grounded synthesis)
63,B2F63C34-A547-46FE-A93F-DA7A22DED3B7,1,1,Verified absent from source: and other related conditions,0,0,,0,"CONCEDE: flagged items are vague narrative phrases, not specific diagnoses",WITHDRAW — E1 retracted (grounded synthesis)
64,B4F0736E-28B9-40D1-A8AC-D0260B23EB8E,1,5,Verified absent from source: {name: Tinea}; {condition: Tinea}; {condition: Dry Eyes},0,0,,0,"CONCEDE: flagged items are EDS structural/parsing artifacts, not diagnoses",WITHDRAW — E1 retracted (grounded synthesis)
65,C03A381F-529E-408E-92F9-D6DDCEB8A355,1,1,Verified absent from source: and others,0,0,,0,"CONCEDE: flagged items are vague narrative phrases, not specific diagnoses",WITHDRAW — E1 retracted (grounded synthesis)
66,C49747E6-4179-4106-8EC4-BCB416A966B3,1,1,Verified absent from source: Workers compensation,0,0,,0,CONCEDE: all items traceable to source data,WITHDRAW — E1 retracted (grounded synthesis)
67,C948A793-71CF-45F6-86DA-340A1806678D,1,1,Verified absent from source: and respiratory issues,0,0,,0,"CONCEDE: flagged items are vague narrative phrases, not specific diagnoses",WITHDRAW — E1 retracted (grounded synthesis)
68,C9E94BB6-6BA7-4FA9-8C9B-1D81ACBF5788,1,1,Verified absent from source: and others,0,0,,0,"CONCEDE: flagged items are vague narrative phrases, not specific diagnoses",WITHDRAW — E1 retracted (grounded synthesis)
69,CD7309DD-1EA0-4378-8F53-ECB0D48B2220,1,1,Verified absent from source: and other concerns,0,0,,0,"CONCEDE: flagged items are vague narrative phrases, not specific diagnoses",WITHDRAW — E1 retracted (grounded synthesis)
70,CDE0C246-4C19-4F58-BB94-8BD4BA47AD5E,1,1,Verified absent from source: Workers compensation,0,0,,0,CONCEDE: all items traceable to source data,WITHDRAW — E1 retracted (grounded synthesis)
71,CEBA6EF5-1E05-49ED-9D96-31A836634FA2,1,6,Verified absent from source: status: Active}; status: Active}; {condition: Cortisone inj,0,0,,0,"CONCEDE: flagged items are EDS structural/parsing artifacts, not diagnoses",WITHDRAW — E1 retracted (grounded synthesis)
72,D128506D-73A2-4E4E-8B48-074174FA3326,1,1,Verified absent from source: Cannabis dependency,0,0,,1,MAINTAIN: items verified absent from source: Cannabis dependency,MAINTAIN — included in consensus
73,D3CDB25D-F79B-4338-B40A-3C3622A2E4C3,1,1,Verified absent from source: Workers compensation,0,0,,0,CONCEDE: all items traceable to source data,WITHDRAW — E1 retracted (grounded synthesis)
74,D422CACA-151B-42E5-9764-92A9DD324E67,1,1,Verified absent from source: Anxiety,0,0,,1,MAINTAIN: items verified absent from source: Anxiety,MAINTAIN — included in consensus
75,D6E01492-0C9F-4758-AC78-3F329B695818,1,1,Verified absent from source: skin conditions,0,0,,0,"CONCEDE: flagged items are vague narrative phrases, not specific diagnoses",WITHDRAW — E1 retracted (grounded synthesis)
76,DA4CE850-A13F-4664-BE39-DCBE92AB6CDF,1,2,Verified absent from source: Hashimotos thyroiditis; and pregnancy-related issues,0,0,,1,MAINTAIN: items verified absent from source: and pregnancy-related issues,MAINTAIN — included in consensus
77,DB07AC87-9B67-4C4D-AB35-6DB1C05A42BB,1,3,Verified absent from source: vertebral fracture; and other conditions; Osteoporosis with vertebral fractures,0,0,,1,MAINTAIN: items verified absent from source: vertebral fracture; Osteoporosis with vertebral fractures,MAINTAIN — included in consensus
78,E30F6E16-F96E-4713-A4EC-24FBC125EEBD,1,2,Verified absent from source: Urinary tract infections; and skin infections,0,0,,0,CONCEDE: all items traceable to source data,WITHDRAW — E1 retracted (grounded synthesis)
79,EA45CA5B-8DF3-46F3-AC7F-D3BA34739B0C,1,1,Verified absent from source: Disc degeneration,0,0,,0,CONCEDE: all items traceable to source data,WITHDRAW — E1 retracted (grounded synthesis)
80,ED24E75A-7500-4F22-8566-DA232846219D,1,1,Verified absent from source: and other related conditions,0,0,,0,"CONCEDE: flagged items are vague narrative phrases, not specific diagnoses",WITHDRAW — E1 retracted (grounded synthesis)
81,EE998A3F-3966-4D82-B0FF-F1071D9F20CC,1,1,Verified absent from source: Skin lesions,0,0,,0,CONCEDE: all items traceable to source data,WITHDRAW — E1 retracted (grounded synthesis)
82,F2742918-BDAA-4E2A-A365-4CBF49CE7BB7,1,1,Verified absent from source: and others,0,0,,0,"CONCEDE: flagged items are vague narrative phrases, not specific diagnoses",WITHDRAW — E1 retracted (grounded synthesis)
83,F31142B6-7C6D-4674-989C-B8CCE4B91EFE,1,9,Verified absent from source: confidence: High}; {diagnosis: Neuropraxia; confidence: Moderate},0,0,,0,"CONCEDE: flagged items are EDS structural/parsing artifacts, not diagnoses",WITHDRAW — E1 retracted (grounded synthesis)
84,F3287AB1-8B59-4424-AA53-0F4469EF0B35,1,1,Verified absent from source: and others,0,0,,0,"CONCEDE: flagged items are vague narrative phrases, not specific diagnoses",WITHDRAW — E1 retracted (grounded synthesis)
85,F4829227-78FC-463A-A82E-5B49822BCED8,1,1,Verified absent from source: Pagets disease,0,0,,0,CONCEDE: all items traceable to source data,WITHDRAW — E1 retracted (grounded synthesis)
86,F6EB5D52-2578-4EC1-A03A-F0FE0BC28407,1,1,Verified absent from source: and chronic conditions,0,0,,0,"CONCEDE: flagged items are vague narrative phrases, not specific diagnoses",WITHDRAW — E1 retracted (grounded synthesis)
87,FB02A073-35B1-477E-B638-DB67FB4DCC7C,1,1,Verified absent from source: and other health issues,0,0,,0,"CONCEDE: flagged items are vague narrative phrases, not specific diagnoses",WITHDRAW — E1 retracted (grounded synthesis)
88,FD856B81-C5AF-409C-B076-5246AD2824FE,1,1,Verified absent from source: status: Active},0,0,,0,"CONCEDE: flagged items are EDS structural/parsing artifacts, not diagnoses",WITHDRAW — E1 retracted (grounded synthesis)
89,FF78FDC7-2FE9-4C04-BE2C-6BA303042DCE,1,1,Verified absent from source: and other conditions,0,0,,0,"CONCEDE: flagged items are vague narrative phrases, not specific diagnoses",WITHDRAW — E1 retracted (grounded synthesis)
